"0","vaccinated <- measles_data %>% 
  summarise(
    vaccinated = sum(did_the_patient_receive_measles_mr_mmr_containing_vaccine == ""Yes"", na.rm = TRUE),
    total = n(),
    percent_vaccinated = vaccinated / total * 100
  )
"
"1","[1m[33mError[39m in `summarise()`:[22m
[38;5;232m[36mℹ[38;5;232m In argument: `vaccinated = sum(...)`.[39m
[1mCaused by error:[22m
[33m![39m object 'did_the_patient_receive_measles_mr_mmr_containing_vaccine' not found
[90mRun `]8;;x-r-run:rlang::last_trace()rlang::last_trace()]8;;` to see where the error occurred.[39m
"
