"0","#| title: ""Surveillance"""
"0",""
"0","# ------------------------------------------------------------------"
"0","# 1. Define indicator labels (ASCII-safe, fixed length = 22)"
"0","# ------------------------------------------------------------------"
"0",""
"0","indicators <- c("
"0","  ""Discharged - N (%)"","
"0","  ""LAMA - N (%)"","
"0","  ""Died - N (%)"","
"0",""
"0","  ""New JMS cases"","
"0","  ""Old JMS cases"","
"0","  ""HMS cases"","
"0",""
"0","  ""Overall attack rate (/1,000)"","
"0","  ""Overall incidence rate (/10,000 pop-day)"","
"0",""
"0","  ""Deaths - N (overall)"","
"0","  ""Case fatality rate - overall (%)"","
"0",""
"0","  ""Deaths <5 years - N"","
"0","  ""Case fatality rate - <5 years (%)"","
"0",""
"0","  ""Vaccinated - N"","
"0","  ""Vaccination coverage (%)"","
"0",""
"0","  ""Unvaccinated - N (%)"","
"0",""
"0","  ""FDMN (Rohingya) - N (%)"","
"0","  ""Host (Bangladeshi) - N (%)"","
"0",""
"0","  ""SAM - N (<5y, MUAC <11.5 cm)"","
"0","  ""MAM - N (<5y, MUAC 11.5-12.4)"""
"0",")"
"0",""
"0",""
"0","add_section <- function(title) {"
"0","  tibble("
"0","    Indicator    = title,"
"0","    N    = NA,"
"0","    Denominator  = NA,"
"0","    `Rate / %`   = NA"
"0","  )"
"0","}"
"0",""
"0",""
"0","# ------------------------------------------------------------------"
"0","# 2. Build the surveillance overview table"
"0","# ------------------------------------------------------------------"
"0",""
"0","surveillance_overview <- tibble("
"0","  Indicator = indicators,"
"0","  N = c("
"0","    N_discharge,"
"0","    N_LAMA,"
"0","    N_deaths,"
"0",""
"0","    N_JMS,"
"0","    O_JMS,"
"0","    N_HMS,"
"0",""
"0","    N_total_fdmn,"
"0","    N_total_fdmn,"
"0",""
"0","    N_deaths,"
"0","    N_deaths,"
"0",""
"0","    deaths_u5,"
"0","    deaths_u5,"
"0",""
"0","    N_vaccinated,"
"0","    N_vaccinated,"
"0",""
"0","    N_total - N_vaccinated,"
"0",""
"0","    fdmn,"
"0","    host,"
"0",""
"0","    sam$final_diagnoses_severe_acute_malnutrition,"
"0","    mam$final_diagnoses_moderate_acute_malnutrition"
"0","  ),"
"0",""
"0","  Denominator = c("
"0","    N_total,"
"0","    N_total,"
"0","    N_total,"
"0",""
"0","    N_total,"
"0","    N_total,"
"0","    N_total,"
"0",""
"0","    pop_at_risk,"
"0","    pop_at_risk * surv_days,"
"0","#Deaths"
"0","    NA,"
"0","    N_total,"
"0","#Deaths under 5"
"0","    N_cases_u5,"
"0","    N_cases_u5,"
"0",""
"0","    NA,"
"0","    N_total,"
"0",""
"0","    N_total,"
"0",""
"0","    N_total,"
"0","    N_total,"
"0",""
"0","    sam$total,"
"0","    mam$total"
"0","  ),"
"0",""
"0","  `Rate / %` = c("
"0","    round(N_discharge / N_total * 100, 1),"
"0","    round(N_LAMA / N_total * 100, 1),"
"0","    round(N_deaths / N_total * 100, 1),"
"0",""
"0","    round(N_JMS / N_total * 100, 1),"
"0","    round(O_JMS / N_total * 100, 1),"
"0","    round(N_HMS / N_total * 100, 1),"
"0",""
"0","    attack_rate,"
"0","    incidence_rate,"
"0",""
"0","    NA,"
"0","    cfr,"
"0",""
"0","    NA,"
"0","    cfr_u5,"
"0",""
"0","    NA,"
"0","    vacc_coverage,"
"0",""
"0","    round((N_total - N_vaccinated) / N_total * 100, 1),"
"0",""
"0","    round(fdmn / N_total * 100, 1),"
"0","    round(host / N_total * 100, 1),"
"0",""
"0","    round("
"0","      sam$final_diagnoses_severe_acute_malnutrition / sam$total * 100, 1"
"0","    ),"
"0","    round("
"0","      mam$final_diagnoses_moderate_acute_malnutrition / mam$total * 100, 1"
"0","    )"
"0","  )"
"0",")"
"0",""
"0",""
"0","surveillance_overview_clean <- surveillance_overview %>%"
"0","  filter("
"0","    !Indicator %in% c("
"0","      ""Severe cases - N"","
"0","      ""Severe rate (%)"""
"0","    )"
"0","  )"
"0",""
"0","surveillance_overview_final <- bind_rows("
"0","  add_section(""CLINICAL OUTCOMES""),"
"0","  surveillance_overview_clean %>% slice(1:3),"
"0",""
"0","  add_section(""CASE CLASSIFICATION""),"
"0","  surveillance_overview_clean %>% slice(4:6),"
"0",""
"0","  add_section(""POPULATION & INCIDENCE""),"
"0","  surveillance_overview_clean %>% slice(7:9),"
"0",""
"0","  add_section(""MORTALITY""),"
"0","  surveillance_overview_clean %>% slice(10:13),"
"0",""
"0","  add_section(""VACCINATION STATUS""),"
"0","  surveillance_overview_clean %>% slice(14:16),"
"0",""
"0","  add_section(""NATIONALITY""),"
"0","  surveillance_overview_clean %>% slice(16:17),"
"0",""
"0","  add_section(""NUTRITION STATUS (<5 YEARS)""),"
"0","  surveillance_overview_clean %>% slice(18:n())"
"0",")"
"0",""
"0","# ------------------------------------------------------------------"
"0","# 3. Create a formatted flextable (SECTION 1 style)"
"0","# ------------------------------------------------------------------"
"0",""
"0","N_total_fdmn <- measles_data %>%"
"0","  filter(nationality == ""fdmn"") %>%"
"0","  nrow()"
"0","attack_rate <- round(N_total_fdmn / pop_at_risk * 1000, 2)"
"0",""
"0","surveillance_gt <- surveillance_overview_final %>%"
"0","  gt() %>%"
"0",""
"0","  # -------------------------------------------------"
"0","  # TABLE HEADER (blue background, white text)"
"0","  # -------------------------------------------------"
"0","  tab_header("
"0","    title = md(""**SURVEILLANCE INDICATORS**"")"
"0","  ) %>%"
"0",""
"0","  # -------------------------------------------------"
"0","  # COLUMN LABELS (blue text on white background)"
"0","  # -------------------------------------------------"
"0","  cols_label("
"0","    Indicator   = ""Indicator"","
"0","    N           = ""N"","
"0","    Denominator = ""Denominator"","
"0","    `Rate / %`  = ""%"""
"0","  ) %>%"
"0",""
"0","  # -------------------------------------------------"
"0","  # Alignment"
"0","  # -------------------------------------------------"
"0","  cols_align("
"0","    align = ""center"","
"0","    columns = c(""N"", ""Denominator"", ""Rate / %"")"
"0","  ) %>%"
"0","  cols_align("
"0","    align = ""left"","
"0","    columns = ""Indicator"""
"0","  ) %>%"
"0",""
"0","  # -------------------------------------------------"
"0","  # Number formatting"
"0","  # -------------------------------------------------"
"0","  fmt_number("
"0","    columns  = c(""N"", ""Denominator""),"
"0","    decimals = 0"
"0","  ) %>%"
"0","  fmt_number("
"0","    columns  = ""Rate / %"","
"0","    decimals = 1"
"0","  ) %>%"
"0","  fmt_missing("
"0","    columns = c(""N"", ""Denominator"", ""Rate / %""),"
"0","    missing_text = """""
"0","  ) %>%"
"0",""
"0","  # -------------------------------------------------"
"0","  # HEADER STYLING"
"0","  # -------------------------------------------------"
"0",""
"0","  # Blue background + white text for table title"
"0","  tab_style("
"0","    style = list("
"0","      cell_fill(color = ""#008CBA""),"
"0","      cell_text(color = ""white"", weight = ""bold"")"
"0","    ),"
"0","    locations = cells_title(groups = ""title"")"
"0","  ) %>%"
"0",""
"0","  # Blue text for column headers"
"0","  tab_style("
"0","    style = cell_text(color = ""#008CBA"", weight = ""bold""),"
"0","    locations = cells_column_labels()"
"0","  ) %>%"
"0",""
"0","  # -------------------------------------------------"
"0","  # Section headers (rows created by add_section)"
"0","  # -------------------------------------------------"
"0","  tab_style("
"0","    style = cell_text(color = ""#008CBA"", weight = ""bold""),"
"0","    locations = cells_body(rows = is.na(`N`))"
"0","  ) %>%"
"0",""
"0","  # -------------------------------------------------"
"0","  # Body text"
"0","  # -------------------------------------------------"
"0","  tab_style("
"0","    style = cell_text(color = ""black""),"
"0","    locations = cells_body()"
"0","  ) %>%"
"0",""
"0","  # -------------------------------------------------"
"0","  # Table font & layout"
"0","  # -------------------------------------------------"
"0","  opt_table_font("
"0","    font = list(google_font(""Roboto""), default_fonts())"
"0","  ) %>%"
"0","  opt_align_table_header(align = ""center"") %>%"
"0","  cols_width("
"0","    Indicator   ~ px(420),"
"0","    everything() ~ px(120)"
"0","  )"
"0",""
"0","surveillance_gt"
