"0","map_severity <- ggplot() +
  geom_sf(sub_blocks, fill = ""white"", color = ""grey80"", linewidth = 0.1) +
  geom_sf(camp_boundaries, fill = NA, color = ""black"", linewidth = 0.6) +
  geom_sf(cases_points, aes(color = clinical_severity), size = 2, alpha = 0.7) +
  coord_sf(expand = FALSE) +
  theme_light() +
  theme(legend.position = ""bottom"")
"
"1","[1m[33mError[39m in `layer_sf()`:[22m
[38;5;232m[33m![38;5;232m `mapping` must be created by `aes()`.
[31m✖[38;5;232m You've supplied a [34m<sf>[38;5;232m object.[39m
[90mRun `]8;;x-r-run:rlang::last_trace()rlang::last_trace()]8;;` to see where the error occurred.[39m
"
