"0","epi_cases <- measles_data %>%
  filter(!is.na(enter_a_date)) %>%
  arrange(enter_a_date) %>%
  group_by(enter_a_date) %>%
  mutate(
    case_id = row_number(),
    hover_text = paste0(
      ""Sex: "", gender, ""<br>"",
      ""Age: "", age_in_years, "" years<br>""
    )
  ) %>%
  ungroup()
"
"1","[1m[33mError[39m in `filter()`:[22m
[38;5;232m[36mℹ[38;5;232m In argument: `!is.na(enter_a_date)`.[39m
[1mCaused by error:[22m
[33m![39m object 'enter_a_date' not found
[90mRun `]8;;x-r-run:rlang::last_trace()rlang::last_trace()]8;;` to see where the error occurred.[39m
"
